<?xml version="1.0"?>
<transferencia id="20000101"  >
	<tabela id="txmortedescarte"  >
		<linha id="1"  >
			<coluna nome="CgcCpf" tipo="char"  >12345678912345 </coluna>
			<coluna nome="Propriedade" tipo="integer"  >1</coluna>
			<coluna nome="Pocilga" tipo="integer"  >1</coluna>
			<coluna nome="Lote" tipo="integer"  >1</coluna>
			<coluna nome="Sequencia" tipo="integer"  >1</coluna>
			<coluna nome="CodigoCausa" tipo="integer"  >1</coluna>
			<coluna nome="DataLcto" tipo="date"  >2000-01-01</coluna>
			<coluna nome="DtMorteDescarte" tipo="date"  >2006-01-01</coluna>
			<coluna nome="PesoEstimado" tipo="decimal"  >33.45</coluna>
		</linha>
	</tabela>
</transferencia>
