<!-- ****** GENERATED BY SUPERWABA-IDE - DO NOT MODIFY!!! ****** -->
<project name="TCC" basedir="." default="all">

	<!-- Application classpath -->
	<path id="classpath">
		<pathelement location="c:\SuperWabaSDK/lib/SuperWaba.jar"/>
	</path>
	
	<!-- Warp/Exegen classpath -->
	<path id="utils">
		<pathelement path="c:\SuperWabaSDK/lib"/>
		<pathelement location="c:\SuperWabaSDK/lib/SuperWabaTools.jar"/>
	</path>
	
	<!-- Clean directories and files -->
	<target name="clean">
	
		<delete dir="build"/>
		<delete dir="dist"/>
		
	</target>
	
	<!-- Compile -->
	<target name="build" depends="clean">
	
		<mkdir dir="build"/>
		<mkdir dir="dist"/>
		
		<javac srcdir="D:\Documentos Junior\Eclipse\workspace\TCC" destdir="build" target="1.1">
			<include name="**/*.java"/>
			<exclude name="build/"/>
			<exclude name="dist/"/>
			<exclude name="icons/"/>
			<classpath refid="classpath"/>
		</javac>
		<copy todir="build">
			<fileset dir="D:\Documentos Junior\Eclipse\workspace\TCC">
				<exclude name="**/*.java"/>
				<exclude name="build/"/>
				<exclude name="dist/"/>
				<exclude name="icons/"/>
			</fileset>
		</copy>
	
	</target>
	
	<!-- Package classes -->
	<target name="jar" depends="build">
	
		<jar jarfile="build/${ant.project.name}.jar">
			<fileset dir="build" includes="**/*.class"/>
		</jar>
	
	</target>
	
	<!-- Execute WARP -->
	<target name="warp" depends="jar">
	
		<java dir="build" classname="Warp" fork="true" classpathref="utils">
			<arg value="c"/>
			<arg value="${ant.project.name}"/>
			<arg value="${ant.project.name}.jar"/>
		</java>
	
	</target>
	
	<!-- Prepare EXEGEN execution -->
	<target name="prepare-exegen">
		
		<mkdir dir="icons"/>
		<copy todir="build">
			<fileset dir="icons">
				<include name="*.bmp"/>
			</fileset>
		</copy>
	
	</target>
	
	<!-- Execute EXEGEN -->
	<target name="exegen" depends="warp, prepare-exegen">
	
		<java dir="build" classname="Exegen" fork="true" classpathref="utils">
			<arg value="${ant.project.name}"/>
			<arg value=""/>
			<arg value="${ant.project.name}"/>
		</java>
	
	</target>
	
	<!-- Execute EXEGEN with WinCE EXE -->
	<target name="exegen-exe" depends="warp, prepare-exegen">
	
		<java dir="build" classname="Exegen" fork="true" classpathref="utils">
			<arg value="/e"/>
			<arg value="${ant.project.name}"/>
			<arg value=""/>
			<arg value="${ant.project.name}"/>
		</java>
	
	</target>
	
	<!-- Execute EXEGEN with WinCE CAB -->
	<target name="exegen-cab" depends="warp, prepare-exegen">
	
		<java dir="build" classname="Exegen" fork="true" classpathref="utils">
			<arg value="/z"/>
			<arg value="${ant.project.name}"/>
			<arg value=""/>
			<arg value="${ant.project.name}"/>
		</java>
	
	</target>
	
	<!-- Execute WARP and populate distribution directory -->
	<target name="all-warp" depends="warp">
		
		<copy file="build/${ant.project.name}.pdb" todir="dist"/>
		
	</target>
	
	<!-- Execute EXEGEN and populate distribution directory -->
	<target name="all-exegen" depends="exegen, all-warp">
		
		<move todir="dist" file="build/${ant.project.name}.prc"/>
		
	</target>
	
	<!-- Execute EXEGEN with WinCE EXE and populate distribution directory -->
	<target name="all-exegen-exe" depends="exegen-exe, all-warp">
		
		<move todir="dist">
			
			<fileset dir="build">
				<include name="${ant.project.name}.prc"/>
				<include name="**/*.exe"/>
			</fileset>
			
		</move>
		
	</target>
	
	<!-- Execute EXEGEN with WinCE CAB and populate distribution directory -->
	<target name="all-exegen-cab" depends="exegen-cab, all-warp">
		
		<move todir="dist">
			
			<fileset dir="build">
				<include name="${ant.project.name}.prc"/>
				<include name="*.CAB"/>
				<include name="*.ini"/>
				<include name="*.bat"/>
			</fileset>
			
		</move>
		
	</target>
	
	<target name="all" depends="all-exegen-cab"/>

</project>
