<!-- ****** XML TCC - José V. Dal Prá Junior ****** -->

<project name="TCC" basedir="." default="all">

	<!-- Propriedades do Projeto, Devem ser modificadas se mudar a localização do workspace e/ou o 
		 nome da mainwindow -->
	<property name="MainWindow" 	value   ="tcc.ui.JanelaPrincipal"/>
	<property name="Workspace"    	location="D:\Documentos Junior\Eclipse\workspace"/>


	<!-- Application classpath -->
	<path id="classpath">
		<pathelement location="c:\SuperWabaSDK\lib\SuperWaba.jar"/>
		<pathelement location="C:\j2sdk1.4.2_07\lib\tools.jar"/>
		<pathelement location="C:\SuperWabaSDK\lib\SuperWabaTools.jar"/>
	</path>
	
	<!-- Warp/Exegen classpath -->
	<path id="utils">
		<pathelement path="c:\SuperWabaSDK/utils"/>
		<pathelement location="c:\SuperWabaSDK/lib/SuperWaba.jar"/>
	</path>
	
	<path id="lib">
		<pathelement path="c:\SuperWabaSDK/lib"/>
		<pathelement location="c:\SuperWabaSDK/lib/SuperWabaTools.jar"/>
		<pathelement location="c:\SuperWabaSDK/lib/SuperWaba.jar"/>
	</path>
	
	<!-- Clean directories and files -->
	<target name="clean">
		<delete dir="build"/>
		<delete dir="dist"/>
	</target>
	
	<!-- Compile -->
	<target name="build" depends="clean">
		<mkdir dir="build"/>
		<mkdir dir="dist"/>
		<javac srcdir="${Workspace}\${ant.project.name}\src" destdir="build" target="1.1">
			<include name="**/*.java"/>
			<classpath refid="classpath"/>
		</javac>
		<copy todir="build">
			<fileset dir="${Workspace}\${ant.project.name}\src">
				<exclude name="**/*.java"/>
			</fileset>
		</copy>
	
	</target>
	
	<!-- Package classes -->
	<target name="jar" depends="build">
	
		<jar jarfile="build/${ant.project.name}.jar">
			<fileset dir="build" includes="**/*.class"/>
		</jar>
	
	</target>
	
	<!-- Execute WARP -->
	<target name="warp" depends="jar">
	
		<java dir="build" classname="superwaba.tools.Warp" fork="true" classpathref="lib">
			<arg value="c"/>
			<arg value="${ant.project.name}"/>
			<arg value="${ant.project.name}.jar"/>
		</java>
	
	</target>
	
	<!-- Prepare EXEGEN execution -->
	<target name="prepare-exegen">
		
		<mkdir dir="icons"/>
		<copy todir="build">
			<fileset dir="icons">
				<include name="*.bmp"/>
			</fileset>
		</copy>
	
	</target>
	
	<!-- Execute EXEGEN -->
	<target name="exegen" depends="warp, prepare-exegen">
	
		<java dir="build" classname="Exegen" fork="true" classpathref="lib">
			<arg value="/v"/>
			<arg value="1"/>
			<arg value="${ant.project.name}"/>
			<arg value="${MainWindow}"/>
			<arg value="${ant.project.name}"/>
		</java>
	
	</target>
	
	<!-- Execute EXEGEN with WinCE EXE -->
	<target name="exegen-exe" depends="warp, prepare-exegen">
	
		<java dir="build" classname="Exegen" fork="true" classpathref="lib">
			<arg value="/v"/>
			<arg value="1"/>
			<arg value="/e"/>
			<arg value="${ant.project.name}"/>
			<arg value="${MainWindow}"/>
			<arg value="${ant.project.name}"/>
		</java>
	
	</target>
	
	<!-- Execute EXEGEN with WinCE CAB -->
	<target name="exegen-cab" depends="warp, prepare-exegen">
	
		<java dir="build" classname="superwaba.tools.Exegen" fork="true" classpathref="lib">
			<arg value="/v"/>
			<arg value="1"/>
			<arg value="/z"/>
			<arg value="${ant.project.name}"/>
			<arg value="${MainWindow}"/>
			<arg value="${ant.project.name}"/>
		</java>
	
	</target>
	
	<!-- Execute WARP and populate distribution directory -->
	<target name="all-warp" depends="warp">
		
		<move file="build/${ant.project.name}.pdb" todir="dist"/>
		
	</target>
	
	<!-- Execute EXEGEN and populate distribution directory -->
	<target name="all-exegen" depends="exegen, all-warp">
		
		<move todir="dist" file="build/${ant.project.name}.prc"/>
		
	</target>
	
	<!-- Execute EXEGEN with WinCE EXE and populate distribution directory -->
	<target name="all-exegen-exe" depends="exegen-exe, all-warp">
		
		<move todir="dist">
			
			<fileset dir="build">
				<include name="${ant.project.name}.prc"/>
				<include name="**/*.exe"/>
			</fileset>
			
		</move>
		
	</target>
	
	<!-- Execute EXEGEN with WinCE CAB and populate distribution directory -->
	<target name="all-exegen-cab" depends="exegen-cab, all-warp">
		
		<move todir="dist">
			
			<fileset dir="build">
				<include name="${ant.project.name}.prc"/>
				<include name="*.CAB"/>
				<include name="*.ini"/>
				<include name="*.bat"/>
			</fileset>
			
		</move>
		
	</target>
	
	<target name="all" depends="all-exegen-cab"/>

</project>